Anyo,Mes,Dia,Ventas,Prediccion
2013,5,9,903,1467.3070545683204
2013,5,12,1770,1867.003761537395
2013,5,14,708,1288.7788047880301
2013,5,15,948,1040.8762049213692
2013,5,19,1616,1403.219292983964
2013,5,23,996,1489.9226567412406
2013,5,24,1501,1489.9226567412406
2013,5,27,816,1268.085985849021
2013,5,28,873,1266.7832125942853
2013,5,30,1278,1294.0040546746181
2013,5,31,1555,1589.9138464978648
2013,6,8,1944,1778.3257722723622
2013,6,10,1320,1467.3070545683204
2013,6,12,1097,1752.2609795054402
2013,6,27,1996,1791.2984707662824
2013,6,28,2155,1822.3438352560677
2013,7,1,1774,2515.9116338614685
2013,7,3,1835,2515.9116338614685
2013,7,10,2369,2588.072740667957
2013,7,13,3315,3050.7523146495528
2013,7,20,3473,3030.0594957105436
2013,7,22,2574,2610.6883428408764
2013,7,24,2630,2610.6883428408764
2013,7,25,2616,2610.6883428408764
2013,7,30,2468,2679.278876106955
2013,8,2,3118,2812.6272933951473
2013,8,3,3941,3134.6346373814313
2013,8,4,3678,2931.848791555467
2013,8,7,3545,2812.6272933951473
2013,8,11,4407,2951.213272310772
2013,8,13,3871,2846.2759834001504
2013,8,22,2860,2825.583164461141
2013,8,25,3554,2944.804662621461
2013,9,4,2045,1930.1825928023359
2013,9,8,2177,1907.7983212010035
2013,9,11,1587,1612.6770350332927
2013,9,13,1888,1626.789990607096
2013,9,15,1944,2089.3507910076605
2013,9,18,1051,1757.8844429339795
2013,9,20,1635,1618.5857690923472
2013,9,22,1961,2139.485441358511
2013,9,26,1050,1737.1916239949703
2013,9,28,1647,1818.4309631871877
2013,9,29,1655,1719.6615127691239
2013,10,2,903,1523.2670553567477
2013,10,3,927,1523.2670553567477
2013,10,8,996,1542.631536112053
2013,10,16,909,1394.5822899564944
2013,10,19,1460,1676.3793392432806
2013,10,23,793,1304.1880235303124
2013,10,27,1362,1625.8818939224998
2013,10,29,721,1148.3236447867662
2013,10,30,802,1171.6018316479606
2013,11,6,734,1235.148653416572
2013,11,8,992,1187.7352774771684
2013,11,9,1270,1381.3943567687331
2013,11,11,865,1254.5131341718773
2013,11,12,958,1258.5991114213655
2013,11,13,717,1305.686567290253
2013,11,14,740,1093.5444557984868
2013,11,15,1006,1100.2588576652893
2013,11,19,555,986.957871673058
2013,11,22,819,1003.2374937853136
2013,11,25,365,972.3304840689864
2013,11,26,414,1003.2374937853136
2013,11,30,649,1526.520687124878
2013,12,6,1285,1327.4177421700258
2013,12,7,1001,1309.614974002661
2013,12,11,383,771.9319994358771
2013,12,13,511,859.0808629400523
2013,12,14,646,1166.7088229200876
2013,12,15,809,1123.5372513825573
2013,12,16,301,848.5855250541106
2013,12,17,405,835.3422230584063
2013,12,20,643,1006.0760828381849
2013,12,23,661,1171.32793076242
2014,1,20,320,594.0446275024724
2014,2,11,406,682.2210960111702
2014,2,27,733,776.7641880083681
2014,3,29,1214,1281.7211422766145
2014,3,30,1270,1114.1908932546223
2014,4,1,617,1332.4056245419918
2014,4,3,907,1123.1299856492412
2014,5,2,2047,1402.1070720291648
2014,5,24,1792,1729.7646180910135
2014,6,1,1860,1810.4452714469758
2014,6,2,1281,1428.2679721134614
2014,6,3,1129,1415.779374689201
2014,6,5,1139,1428.2679721134614
2014,6,6,1581,1415.779374689201
2014,6,7,2129,1930.8614607735462
2014,6,8,1981,1795.4355191387665
2014,6,11,1201,1699.1943490004005
2014,6,12,1443,1742.50277011233
2014,6,14,2073,2186.0600867326957
2014,6,16,1662,1519.3417185868318
2014,6,19,1680,1796.1676489772437
2014,6,21,2196,1988.0616780393113
2014,6,26,1788,1490.932457914462
2014,6,29,2432,1791.0105314862574
2014,7,1,1847,1752.3988520837836
2014,7,4,2263,1752.3988520837836
2014,7,5,2713,2998.9610343337854
2014,7,6,2430,2100.329883531675
2014,7,8,2308,2525.517905223664
2014,7,12,2982,3040.994105256443
2014,7,19,3070,2172.1675808361056
2014,7,21,2974,2589.4577412139342
2014,7,24,2421,2589.4577412139342
2014,7,28,2865,2620.5031057037204
2014,7,30,2660,2658.048274480013
2014,8,2,3428,2319.651343795611
2014,8,5,3251,2823.5089149466135
2014,8,6,3265,2823.5089149466135
2014,8,11,3794,2822.2335647573427
2014,8,13,3795,2836.5177740070408
2014,8,16,4783,3158.525117993325
2014,8,19,2930,2830.452342672103
2014,8,20,3064,2804.352562834199
2014,8,21,2959,2804.352562834199
2014,8,24,3131,2923.5740609945187
2014,8,29,2720,2867.7508290035908
2014,9,4,1714,1941.0642143538016
2014,9,8,1663,1939.7888641645309
2014,9,10,1187,1939.7888641645309
2014,9,11,1483,1612.9458039644974
2014,9,12,2016,1943.874841414019
2014,9,15,1267,1607.7996434931065
2014,9,17,1460,1607.7996434931065
2014,9,21,1927,1869.9608778845402
2014,9,23,1122,1518.122468381513
2014,9,24,1108,1448.4210208943402
2014,9,26,1466,1574.8395917168293
2014,10,12,1573,1664.0453352426257
2014,10,13,900,1198.3986216541757
2014,10,14,792,1198.3986216541757
2014,10,20,964,1575.6344323202652
2014,10,22,952,1504.7940927955897
2014,10,25,1126,1839.1492122916334
2014,10,28,860,1409.420886462886
2014,10,30,1020,1601.6687778263854
2014,11,1,2028,1675.0666039960095
2014,11,3,931,1132.1727361450176
2014,11,6,849,1132.1727361450176
2014,11,7,991,1291.753888428947
2014,11,13,879,1132.1168906062196
2014,11,16,1058,1347.3219476561173
2014,11,18,476,975.5415623357501
2014,11,21,736,1076.2130395517322
2014,11,22,876,1577.7298108568914
2014,11,23,888,1451.3539566599493
2014,11,24,502,1288.3551510434984
2014,11,25,395,1076.2130395517322
2014,11,27,512,999.4305266428872
2014,11,28,528,1146.10496534288
2014,12,3,475,784.4313240812252
2014,12,6,1195,1242.5106127344277
2014,12,11,365,913.8503390386038
2014,12,13,759,1193.8088654939884
2014,12,14,770,1123.2054406249467
2014,12,17,336,863.4193199801974
2014,12,24,427,611.4410938345351
2015,1,11,1014,1425.3311606205532
2015,1,12,466,603.8076505280092
2015,1,13,520,588.8392417843581
2015,1,15,419,581.234691144958
2015,1,16,494,609.3958507433105
2015,1,25,940,1203.4878983012231
2015,1,27,481,603.5588055144901
2015,2,2,578,684.1777337482807
2015,2,4,539,684.1777337482807
2015,2,7,949,1338.499276487676
2015,2,10,507,718.3729081140946
2015,2,14,1233,1425.385201453785
2015,2,16,605,762.0446242782361
2015,2,17,582,777.0130330218872
2015,2,20,834,724.8658164907098
2015,2,22,1021,1441.5487885431132
2015,2,24,456,735.9448444403324
2015,3,1,1280,1775.0850625249006
2015,3,4,575,915.3466944372051
2015,3,6,963,1138.3238135801384
2015,3,10,665,1193.0484306278581
2015,3,18,846,1065.4627538173097
2015,3,20,1054,1061.1905585260943
2015,3,21,1472,1709.5627269579916
2015,4,2,2334,2108.491300193347
2015,4,4,2788,2087.644234574739
2015,4,8,995,1344.8317546029036
2015,4,9,1213,1064.8101076110058
2015,4,12,1733,2024.1058002935154
2015,4,13,967,1500.8572662871395
2015,4,15,938,1374.4386954646504
2015,4,16,1219,1269.879773051605
2015,4,17,1290,1374.4386954646504
2015,4,20,1004,1342.2734842918092
2015,4,21,807,1411.9749317789822
2015,4,23,1163,1468.6920551142982
2015,4,30,1571,1559.5289064963272
2015,5,4,1109,1428.2679721134614
2015,5,5,1014,1332.4056245419918
2015,5,11,1300,1614.4874183719835
2015,5,16,2339,2270.9405604425747
2015,5,19,973,1494.791834952202
2015,5,21,1270,1411.9749317789822
2015,5,22,1759,1411.9749317789822
2015,5,25,1120,1487.1765074139905
2015,6,1,1503,1647.673073138488
2015,6,8,1566,1646.3977229492173
2015,6,9,1244,1646.3977229492173
2015,6,16,1486,1519.3417185868318
2015,6,19,2143,1796.1676489772437
2015,6,20,2744,2511.671214506074
2015,6,26,2546,1770.06786913934
2015,6,30,2031,1838.658402405418
2015,7,4,3601,3416.2068675324026
2015,7,8,2002,2644.7177096759115
2015,7,17,3067,2740.8227568390234
2015,7,18,3875,3458.2399384550604
2015,7,19,3783,3249.3886612941583
2015,7,26,3888,3223.2888814562543
2015,7,31,3224,2838.8165519601794
2015,8,4,3446,2962.693350111057
2015,8,7,3685,2962.693350111057
2015,8,9,4566,3378.6855268284758
2015,8,12,3538,2955.7175784592882
2015,8,13,3556,2076.280759817517
2015,8,15,4795,2547.1201902286907
2015,8,18,3686,2955.7175784592882
2015,8,21,3685,2923.5523672864465
2015,8,22,3952,3543.6057400191003
2015,8,29,3051,3518.866260642697
2015,8,30,2802,3275.071657394567
2015,9,5,2749,2283.995201056371
2015,9,6,2678,2226.4044081945226
2015,9,7,1976,1655.7526690290165
2015,9,9,1627,1641.9887214154853
2015,9,17,1522,1489.6445188059731
2015,9,23,1334,1583.897878455621
2015,9,25,1569,1725.0193091068195
2015,9,27,1846,2177.065193369702
2015,9,28,1321,1614.9432429454064
2015,10,1,1480,1634.031933883877
2015,10,3,1965,2196.974441685764
2015,10,4,1869,2034.6858131465656
2015,10,11,2251,2033.4104629572948
2015,10,12,1698,2017.5118094945863
2015,10,13,1089,1253.8190671597665
2015,10,17,1822,2053.3818672112957
2015,10,20,1078,1433.7959674786914
2015,10,24,1808,2021.2166560384544
2015,10,27,1170,1221.6538559869252
2015,10,30,1680,1502.2604060490205
2015,11,1,1446,2015.8570304435498
2015,11,4,1058,1161.2156535960055
2015,11,5,1043,1320.796805879935
2015,11,15,1041,1921.5855796823846
2015,11,18,649,1329.5786489551313
2015,11,20,1021,1297.41343778229
2015,11,28,836,1645.659329137921
2015,12,4,924,1017.9478478747902
2015,12,12,652,1500.9131809791497
2015,12,17,455,947.1926847411889
2015,12,18,612,947.1926847411889
2015,12,19,882,1462.4874410372695
2015,12,20,836,1607.3736285184405
2015,12,23,722,1251.4409225945456
2016,1,8,747,901.3894016073909
2016,1,9,812,1442.3137914153533
2016,1,14,452,685.3831845168809
2016,1,16,953,1326.127829811769
2016,1,19,482,685.3831845168809
2016,1,20,536,670.0319612760428
2016,1,25,562,813.2587573477084
2016,1,28,521,809.1170907845278
2016,2,9,626,816.1878264343534
2016,2,10,532,890.4572971184617
2016,2,12,805,838.0319580518067
2016,2,15,621,788.0432139067659
2016,2,19,889,788.0432139067659
2016,2,25,589,852.7515217819387
2016,2,26,924,852.0074575361334
2016,2,28,1112,1432.2810505731127
2016,3,7,703,870.0136350209589
2016,3,8,650,868.0569972838483
2016,3,10,680,954.1496576396921
2016,3,15,517,1246.125616381351
2016,3,23,1686,1258.3796081362457
2016,3,24,2381,1986.8929849304327
2016,3,29,1395,1253.287465410771
2016,3,30,1003,1350.4232852270727
2016,4,2,2015,1861.024843995958
2016,4,4,1052,1105.9580858313475
2016,4,7,1064,1371.2351352445858
2016,4,8,1366,1291.7769943484716
2016,4,10,1616,1686.132990358984
2016,4,12,849,1155.4359735026724
2016,4,13,831,1238.2839177464548
2016,4,15,1468,1413.2682061672444
2016,4,16,1841,1812.5843286423358
2016,4,18,952,1413.2682061672444
2016,4,19,925,1302.6438524192615
2016,4,22,1703,1276.5440725813578
2016,4,24,1703,1991.940589120674
2016,5,4,877,1467.0974828160552
2016,5,6,1959,1199.1173194228115
2016,5,9,1276,1125.8290326409253
2016,5,18,1305,1558.1712292894258
2016,5,21,2278,2426.9642838776567
2016,5,28,2242,2026.5078735826476
2016,5,29,2019,1957.8707796354884
2016,5,30,1401,1407.0210638200003
2016,6,3,1864,1686.502583841082
2016,6,8,1335,1685.2272336518113
2016,6,12,2711,2308.636180986937
2016,6,15,1737,1413.2682061672444
2016,6,16,2203,1413.2682061672444
2016,6,20,1841,1808.8973798419338
2016,6,26,2988,2336.201280013946
2016,7,2,3202,3416.2068675324026
2016,7,5,2568,2645.993059865182
2016,7,10,3211,3212.1456715171676
2016,7,16,3878,3458.2399384550604
2016,7,21,3159,2708.6575456661817
2016,7,29,3410,2772.0558118355734
2016,7,30,195,3369.6568205924314
2016,8,3,3379,2962.693350111057
2016,8,4,3512,2962.693350111057
2016,8,8,4063,2961.4179999217863
2016,8,15,4433,3372.9851053659777
2016,8,18,3287,2955.7175784592882
2016,8,19,3706,2949.6521471243504
2016,8,23,3452,2923.5523672864465
2016,8,31,2432,3053.711373580444
2016,9,1,2465,1970.1071318047896
2016,9,4,3102,2474.698370041551
2016,9,16,2264,1616.0630896284622
2016,9,21,1460,1606.4134542041963
2016,9,22,1736,1606.4134542041963
2016,10,1,2227,2217.313477746755
2016,10,3,1488,1655.7526690290165
2016,10,10,1278,1608.27840293673
2016,10,11,1364,1608.27840293673
2016,10,15,1785,2053.3818672112957
2016,10,18,1415,1465.9611786515327
2016,10,19,1271,1459.8957473165951
2016,10,20,1198,1433.7959674786914
2016,10,22,1740,1850.5972326966642
2016,10,31,1341,1604.587145270264
2016,11,1,1380,2015.8570304435498
2016,11,4,1570,1225.2286968141957
2016,11,5,1870,1746.5888844452136
2016,11,6,1601,1728.7495006088755
2016,11,8,673,1166.9088187759608
2016,11,10,1172,1166.9088187759608
2016,11,12,1518,1720.2016681758653
2016,11,14,1155,1205.1882205632014
2016,11,17,1324,1251.8749466892996
2016,11,21,638,1072.5018565998691
2016,11,22,713,1061.4228286502464
2016,11,24,694,1061.4228286502464
2016,11,26,1063,1638.1487130395408
2016,11,30,498,1226.172036176977
2016,12,1,579,960.640497903164
2016,12,2,784,1031.7647495153567
2016,12,4,845,1585.4816948876603
2016,12,5,683,1083.7950509551792
2016,12,6,765,1572.347446006208
2016,12,8,1005,1553.048834635385
2016,12,14,550,917.2661978049849
2016,12,15,522,917.2661978049849
2016,12,20,585,1064.2614177031176
2016,12,27,1135,1223.6226482810225
2016,12,28,1203,1234.0733285078727
2017,1,1,2259,1554.8161096078848
2017,1,2,1032,1155.3598655765986
2017,1,7,927,1265.4683307316627
2017,1,8,1057,1363.687636912348
2017,1,12,645,654.0309006135592
2017,1,16,570,668.9993093572102
2017,1,17,593,646.4263499741589
2017,1,20,777,659.2362863316733
2017,1,23,799,627.9311207756555
2017,1,24,529,627.9311207756555
2017,1,31,602,869.1689625273635
2017,2,6,624,895.4184883309667
2017,2,18,1541,1417.3915369232695
2017,2,24,1313,948.344382186123
2017,2,25,1685,1502.817775344563
2017,2,26,1480,1489.342876324285
2017,2,28,889,954.2080826545375
2017,3,10,1338,1463.8800537705406
2017,3,11,1705,1936.9043525418379
2017,3,12,1474,2121.929530014161
2017,3,20,1029,2086.4290225652435
2017,3,22,788,1226.3642990193339
2017,3,24,1357,1215.2852710697111
2017,3,25,1733,1844.5117648998987
2017,3,29,1024,1342.4738721304402
2017,3,30,1179,1341.4979979991026
2017,3,31,1675,1602.6435729802006
2017,4,3,1364,1477.1595920233513
2017,4,8,2412,2192.2933411642343
2017,4,16,2646,2244.477987610324
2017,4,17,2006,1651.1135865095664
2017,4,19,1237,1622.8077523744653
2017,4,21,2060,1470.2894017140725
2017,4,22,2415,2116.9970535570524
2017,4,27,1587,1295.3051132932828
2017,4,30,2902,1896.5013230057946
2017,5,1,2308,2101.6986663998046
2017,5,11,1678,1624.5432154567332
2017,5,18,1757,1502.4546128869138
2017,5,21,2336,2212.312776437482
2017,5,23,1427,1688.4557173498958
2017,5,28,2290,2185.910785585553
2017,6,5,1659,1573.0219395948207
2017,6,7,1496,1667.5059020365572
2017,6,17,2395,2448.371383615444
2017,6,18,2832,2272.9014491233156
2017,6,22,2097,1773.1626479783129
2017,6,23,2793,1773.1626479783129
2017,7,2,2979,3194.424339901913
2017,7,4,2402,2626.9963780606568
2017,7,6,2537,1977.523113314796
2017,7,7,2659,1882.9168775700095
2017,7,11,2667,2678.5176539225695
2017,7,13,2766,2705.0880249754023
2017,7,14,3262,2705.0880249754023
2017,7,15,3586,3422.505206591439
2017,7,17,2792,2705.0880249754023
2017,7,18,2455,2705.0880249754023
2017,7,21,3170,2672.9228138025605
2017,7,23,3683,3187.554149592633
2017,7,27,2826,2672.9228138025605
2017,7,28,3186,2703.9681782923467
2017,7,29,3740,3388.3920522534354
2017,7,31,2995,2803.081820096558
2017,8,2,3247,2926.958618247436
2017,8,3,2875,2926.958618247436
2017,8,5,3932,3547.0119909800896
2017,8,6,3754,3344.2261451541253
2017,8,9,3577,2925.683268058165
2017,8,16,794,2919.982846595667
2017,8,17,76,2919.982846595667
2017,8,19,4056,3533.970787993383
2017,8,22,3471,2887.8176354228253
2017,8,24,3451,2887.8176354228253
2017,8,26,3662,3507.871008155479
2017,8,27,3373,2616.6299831997785
2017,8,30,2035,2219.97840839493
2017,8,31,2156,2269.0582839985886
2017,9,3,2922,2438.9636381779296
2017,9,5,2152,1934.3723999411689
2017,9,8,2494,1933.097049751898
2017,9,11,1833,1933.097049751898
2017,9,13,1727,1917.1983962891898
2017,9,18,1799,1705.2494963481315
2017,9,19,1525,1699.9789056166298
2017,9,20,1462,1695.5998609238657
2017,9,23,2382,2323.8423929512196
2017,9,25,1527,1695.5998609238657
2017,9,26,1406,1673.0842851752902
2017,9,30,2296,2411.470344606989
2017,10,6,2104,1830.3388366728852
2017,10,7,1967,2180.7455860530017
2017,10,12,2166,2127.7015246843134
2017,10,14,1999,2185.292317546162
2017,10,15,1951,2127.7015246843134
2017,10,19,1291,1381.6526239089771
2017,10,21,1588,2006.36949948984
2017,10,22,1767,1970.4994417731305
2017,10,23,1245,1418.9488109300771
2017,10,28,1848,2045.3973147062195
2017,11,4,1672,1731.7417278965993
2017,11,7,845,1210.3815402655814
2017,11,9,897,1173.1971696944984
2017,11,10,1359,1219.9411977274776
2017,11,13,949,1107.4931197708047
2017,11,17,1619,1237.0277901406853
2017,11,18,1473,1929.0074011134932
2017,11,23,843,1134.4372129600997
2017,11,27,665,1046.575672101632
2017,11,29,493,1055.7659489809646
2017,12,2,864,1557.9871473204744
2017,12,13,450,902.4190412563706
2017,12,14,426,874.2578816580182
2017,12,16,965,1544.4850619239712
2017,12,21,599,1081.628796571278
2017,12,23,879,1777.2664852839869
2017,12,26,891,1177.5889581785784
2017,12,27,975,1167.253994474761
2017,12,29,1048,1530.0931106675448
2018,1,1,1934,1882.6187055341945
2018,1,10,642,747.7943805028526
2018,1,15,461,797.0388239483817
2018,1,18,695,741.8574237664851
2018,1,24,492,893.8894649159652
2018,1,25,639,822.5069442755794
2018,1,26,829,822.5069442755794
2018,1,28,1046,1404.4655556191335
2018,1,29,738,880.9929453448004
2018,1,31,640,912.4193761292983
2018,2,5,819,764.8741697910137
2018,2,8,695,762.9175320539032
2018,2,12,696,865.0740621153224
2018,2,15,1032,865.0740621153224
2018,2,16,1099,997.910750504146
2018,2,17,1451,1576.5511028057201
2018,2,22,866,877.8839984728368
2018,2,23,1121,912.5087896957812
2018,2,24,1281,1511.8900475326877
2018,2,25,1491,1527.0264559892018
2018,2,26,715,1076.9902489070848
2018,2,27,660,793.491733939458
2018,3,7,769,1031.1903636895602
2018,3,8,959,1029.2337259524497
2018,3,9,1304,1171.5231466722928
2018,3,10,1595,1824.9165996456147
2018,3,11,1500,1656.9497144443244
2018,3,12,916,1307.7163507470732
2018,3,13,1014,1381.9858214311816
2018,3,23,1406,1402.8182867457506
2018,3,27,1239,1574.2027158068402
2018,3,28,1744,1393.783488801137
2018,3,30,2593,1644.7896875801737
2018,4,3,1167,1469.6736851977935
2018,4,7,1766,1955.7313601391943
2018,4,8,1781,1937.9589609122213
2018,4,10,1003,1139.9665686614237
2018,4,12,1112,1249.8859079671365
2018,4,13,1605,1374.1441227962855
2018,4,23,1247,1651.9602444263971
2018,4,24,1296,1618.530106109851
2018,4,25,1105,1671.2214556346482
2018,5,1,2434,1928.399303450325
2018,5,14,1455,1557.7068847767493
2018,5,15,1379,1684.1254555992384
2018,5,18,2467,1627.4083322639221
2018,5,26,2188,2237.235628158058
2018,5,27,2293,2255.267494172685
2013,5,10,1607,1502.398745043283
2013,5,13,905,1545.7071661552125
2013,5,14,848,1514.499984085191
2013,5,15,903,1614.612027685114
2013,5,17,1355,1678.4574084549824
2013,5,22,1143,1493.807165146182
2013,5,23,997,1525.0143472162033
2013,5,28,949,1492.5043918914462
2013,5,30,1157,1519.725233971779
2013,6,3,1017,1483.0342642879777
2013,6,7,1406,1645.7063736639916
2013,6,12,712,1593.7956019939852
2013,6,23,1393,1758.9260155502884
2013,6,24,1234,1573.102783054976
2013,7,3,1487,1655.126449510192
2013,7,9,1243,1674.4909302654974
2013,7,11,1331,1674.4909302654974
2013,7,13,1408,1924.1219607808957
2013,7,17,1273,1717.7993513774268
2013,7,21,1411,1828.9388018768211
2013,7,25,1254,1697.1065324384176
2013,7,27,1376,1868.8520690028356
2013,8,10,1646,1909.837751531197
2013,8,13,1806,1717.7993513774268
2013,8,14,1366,1717.7993513774268
2013,8,22,1411,1697.1065324384176
2013,8,23,1571,1697.1065324384176
2013,8,26,1890,1697.1065324384176
2013,8,30,1635,1723.2059522059697
2013,9,1,1375,1702.5282911690183
2013,9,3,1570,1567.2158352491572
2013,9,4,1403,1567.2158352491572
2013,9,14,1719,1800.4690891388773
2013,9,17,1030,1530.0892599909175
2013,9,18,1227,1530.0892599909175
2013,9,19,1308,1536.5124260802404
2013,9,21,1969,1719.199236936835
2013,9,27,1351,1521.8850384761688
2013,9,28,2044,1821.2090988026785
2013,10,2,861,1519.1273994103844
2013,10,3,1026,1519.1273994103844
2013,10,12,1658,1714.8723995605212
2013,12,2,896,1691.470349591776
2013,12,3,864,1717.1873149324929
2013,12,4,1329,1690.7465139550095
2013,12,5,1515,1988.4461273711972
2013,12,7,2736,2400.283939168482
2013,12,11,1176,1732.7326480833196
2013,12,15,2338,2081.960944438743
2013,12,16,1083,1777.1716382847785
2013,12,19,1310,1819.881511587495
2013,12,20,2376,1990.6153713672734
2013,12,24,1093,1412.3157604803555
2013,12,30,3066,2743.572695539068
2014,1,25,2034,1773.6274161754955
2014,2,7,1797,1658.004557233612
2014,2,9,1425,1834.2826268909564
2014,2,13,1527,1648.2429692313126
2014,2,15,2039,2093.182635083547
2014,2,19,1490,1701.2675569623482
2014,2,28,2064,1738.9867400846956
2014,4,16,2226,1724.1012367516623
2014,4,23,1643,1691.936025578821
2014,4,28,1673,1727.14178842005
2014,6,5,1442,1682.0681658290036
2014,6,8,1605,1854.1274507107848
2014,6,9,1304,1668.3042182154725
2014,6,16,1325,1724.1012367516623
2014,6,17,1575,1724.1012367516623
2014,6,25,1807,1691.936025578821
2014,6,29,1675,1843.6894485889475
2014,7,8,1574,1852.8850008619472
2014,7,10,1889,1792.307967598914
2014,7,14,1907,1896.1934219738766
2014,7,15,1666,1896.1934219738766
2014,7,18,2353,1896.1934219738766
2014,11,10,1252,1798.5804274870086
2014,11,15,2217,2088.780287596391
2014,11,17,1075,1773.9965157426634
2014,11,23,1564,1824.1191727586477
2014,11,27,1393,1747.8967359047597
2014,11,29,2562,2324.4748382466146
2014,11,30,1440,1823.5257821348666
2014,12,1,1124,1777.55437918282
2014,12,8,2393,2204.6567201869448
2014,12,23,2667,2220.070304855387
2014,12,24,1223,1476.5188460442346
2014,12,28,3274,2868.2347899282486
2015,1,3,2908,3134.9640087954035
2015,1,6,1533,2373.0123802406033
2015,1,11,1958,2499.1514332431984
2015,1,19,867,1730.9671903954738
2015,1,28,1401,1812.9280711629322
2015,1,31,2266,2926.4493139371707
2015,2,3,1255,1890.4804546674895
2015,2,4,1202,1854.3286425645651
2015,2,9,1140,1860.3626573320266
2015,2,11,1352,1888.523816930379
2015,2,16,1162,1933.7434543962265
2015,2,20,1840,1928.7791820254747
2015,2,24,1332,1907.6436745583228
2015,2,28,2832,2742.831491545634
2015,3,5,1839,2099.298821809431
2015,3,9,1693,2095.156999021145
2015,3,11,2013,2095.156999021145
2015,3,14,5623,3128.051478096879
2015,3,16,4586,2321.438607313847
2015,3,18,5780,2331.825558183933
2015,3,21,2460,3101.951698258975
2015,3,23,1306,2316.474334943095
2015,3,25,1686,2316.474334943095
2015,4,12,2156,2587.8890791509493
2015,4,18,2692,2797.7146182192173
2015,4,21,1817,2035.4377404887734
2015,4,23,1965,2035.4377404887734
2015,4,25,2523,2765.5494070463756
2015,4,26,1977,2555.7238679781076
2015,4,27,1730,2035.4377404887734
2015,4,30,2391,2126.2745918708024
2015,5,2,2821,2025.5698807389572
2015,5,3,2043,2545.8560082282916
2015,5,13,1704,2115.691387500388
2015,5,15,2426,2067.602951661615
2015,5,17,1963,2635.9775149897223
2015,5,18,1633,2115.691387500388
2015,5,22,2255,2035.4377404887734
2015,5,28,1701,2082.223403072811
2015,6,5,2158,2073.65831657773
2015,6,9,1831,2072.3829663884594
2015,6,14,2245,2587.8890791509493
2015,6,19,2107,2109.62595616545
2015,6,23,2033,2083.526176327546
2015,6,25,2180,2083.526176327546
2015,7,2,2298,2378.930280094021
2015,7,6,1981,2378.930280094021
2015,7,7,2041,2378.930280094021
2015,7,10,2897,2377.65492990475
2015,7,14,2326,2420.9633510166786
2015,7,20,2693,2388.798139843837
2015,7,22,2893,2388.798139843837
2015,7,29,2806,2452.1964060132286
2015,8,3,2858,2427.9391226684475
2015,8,4,2877,2427.9391226684475
2015,8,10,2870,2426.6637724791767
2015,8,17,2931,2420.9633510166786
2015,8,18,2980,2420.9633510166786
2015,8,20,3033,2388.798139843837
2015,8,22,2881,2989.339070664207
2015,8,29,2604,2964.5995912878034
2015,9,2,2628,2200.862778831727
2015,9,14,1797,2135.6003393409746
2015,9,18,2746,2135.6003393409746
2015,9,19,3010,2747.067388307586
2015,9,20,2366,2511.1420694014137
2015,9,25,2706,2090.9465307438727
2015,9,26,3327,2694.9676480456997
2015,10,3,3454,2770.306823294503
2015,10,12,2678,2543.3072805742554
2015,10,14,1742,2135.6003393409746
2015,10,15,1682,2135.6003393409746
2015,10,21,1812,2103.435128168133
2015,10,22,1851,2103.435128168133
2015,10,26,1542,2103.435128168133
2015,11,9,1647,2151.4989928036834
2015,11,12,1471,2135.6003393409746
2015,11,16,1425,2135.6003393409746
2015,11,18,1689,2135.6003393409746
2015,11,22,2115,2500.082562590726
2015,11,23,1266,2097.984264304064
2015,11,26,1832,2103.435128168133
2015,11,27,3331,2103.435128168133
2015,12,1,1540,2210.923626846071
2015,12,4,2435,2210.923626846071
2015,12,9,1580,2187.0372311797473
2015,12,15,1733,2163.907103594115
2015,12,19,4281,2775.3741525607265
2015,12,20,3665,2666.191231828781
2015,12,22,3064,2468.1553414474715
2015,12,29,4476,2970.615305269219
2015,12,31,1955,1888.3400441163228
2016,1,5,4925,2621.6304564936495
2016,1,7,1887,2270.4175739914485
2016,1,8,2477,2141.7403018669193
2016,1,10,2447,2653.692191917844
2016,1,17,2207,2481.9528609040995
2016,1,19,1512,1991.711076911664
2016,1,20,1518,1976.3598536708257
2016,1,25,1466,1996.3566291800573
2016,1,28,1741,2040.8631828927953
2016,2,1,1626,2079.630871898145
2016,2,3,1716,2079.630871898145
2016,2,6,3352,2815.994519996993
2016,2,10,1738,2080.612055800367
2016,2,13,3167,2879.928675110252
2016,2,15,1589,2094.371106301549
2016,2,16,1830,2122.532265899901
2016,2,22,1649,2112.6319065231323
2016,2,26,2410,2117.5160063628805
2016,2,28,4002,2599.9110419045146
2016,3,3,3035,2277.70068244302
2016,3,5,5454,3010.5717767337
2016,3,7,1679,2238.790966247602
2016,3,8,2266,2236.834328510491
2016,3,11,4000,2254.6085372387574
2016,3,22,1975,2500.327059440753
2016,3,29,1939,2323.8504876541897
2016,4,4,1957,2094.130910814828
2016,4,8,2252,2197.539142337554
2016,4,17,2117,2625.5026825222767
2016,4,20,1491,2085.294483231474
2016,4,27,1654,2111.880854562695
2016,5,4,1831,2102.012994812879
2016,5,5,1736,2102.012994812879
2016,5,12,1718,2144.0460657355366
2016,5,14,3249,2835.3282215905447
2016,5,16,1546,2144.0460657355366
2016,5,23,1484,2111.880854562695
2016,5,27,2255,2111.880854562695
2016,5,29,2310,2559.26766186425
2016,5,30,1495,2137.798923388293
2016,6,2,2053,2089.5243973886186
2016,6,3,2248,2150.1014306516518
2016,6,11,2970,2826.5968733176674
2016,6,13,1661,2192.1345015743095
2016,6,16,1981,2144.0460657355366
2016,6,23,1899,2159.969290401468
2016,6,27,1989,2159.969290401468
2016,6,28,2434,2191.014654891254
2016,6,29,2587,2223.3675565708595
2016,6,30,2371,2228.5598236675464
2016,7,1,3297,2416.5438834653482
2016,7,2,3246,3017.0848142857185
2016,7,6,2516,2416.5438834653482
2016,7,11,2563,2415.2685332760775
2016,7,13,3223,2458.576954388006
2016,7,16,3434,3059.1178852083763
2016,7,29,3231,2489.810009384556
2016,8,11,3059,2464.277375850504
2016,8,12,3574,2458.576954388006
2016,8,19,2998,2452.5115230530682
2016,8,21,3449,2830.638497966988
2016,8,25,2830,2426.4117432151643
2016,8,27,2956,3026.9526740355345
2016,8,28,2475,2804.236507115059
2016,8,29,2561,2489.810009384556
2016,9,3,2605,2842.4974995048815
2016,9,7,2797,2238.476382203054
2016,9,8,2496,2237.2010320137833
2016,9,9,2716,2237.2010320137833
2016,9,12,1646,2221.302378551075
2016,9,17,3105,2790.746423013851
2016,9,21,1986,2141.0487315394603
2016,9,24,3344,2758.5812118410095
2016,10,5,1754,2190.387946364281
2016,10,6,1658,2190.387946364281
2016,10,7,2745,2190.387946364281
2016,10,8,3629,2806.6450764765596
2016,10,13,1470,2173.213942712302
2016,10,14,2642,2173.213942712302
2016,10,17,1389,2173.213942712302
2016,10,20,2022,2141.0487315394603
2016,10,21,2590,2141.0487315394603
2016,10,23,2767,2548.755672772741
2016,10,27,1741,2141.0487315394603
2016,11,3,1672,2190.387946364281
2016,11,4,2422,2193.2544189632963
2016,11,5,3366,2810.786899264845
2016,11,7,1501,2154.344702767878
2016,11,8,1623,2185.1306825026845
2016,11,9,1580,2202.8140764251925
2016,11,10,1847,2185.1306825026845
2016,11,18,2298,2140.562140046143
2016,11,20,2733,2537.6961659620533
2016,11,24,2059,2135.597867675391
2016,11,25,3419,2145.9328313792084
2016,12,3,3318,2881.038119262598
2016,12,5,1725,2250.371390079597
2016,12,10,4429,2842.1833148526234
2016,12,11,3331,2623.811311198404
2016,12,19,1358,2138.0920543254483
2016,12,20,2138,2336.9870737035794
2016,12,23,4193,2502.2389216278148
2016,12,26,4125,3169.169042515934
2017,1,2,3827,2707.5010003425405
2017,1,15,2321,2454.8206257249344
2017,1,18,1416,1985.2487691401334
2017,1,23,1375,1896.0428812226853
2017,1,25,1522,1959.5625821954777
2017,1,30,1574,2078.498868804558
2017,2,2,1578,2186.872910845965
2017,2,3,2635,2186.872910845965
2017,2,8,1624,2066.8664561477162
2017,2,10,2658,2077.2014198515335
2017,2,16,2037,2077.573834826201
2017,2,17,2705,2271.283499627658
2017,2,21,1683,2095.8346350477846
2017,2,23,1699,2095.8346350477846
2017,2,24,2292,2095.8346350477846
2017,3,1,2533,2379.38969999401
2017,3,3,3134,2394.3581087376606
2017,3,9,3310,2375.247877205724
2017,3,11,6461,3066.5300330607324
2017,3,14,3625,2617.443238105489
2017,3,21,1613,2585.278026932647
2017,3,25,2948,3326.4750156818636
2017,3,28,1757,2404.8587999269444
2017,3,29,1764,2408.8014551460838
2017,3,30,1810,2407.825581014746
2017,4,2,2312,2685.1586291506087
2017,4,4,2058,2203.7020123638686
2017,4,9,2699,2683.883278961338
2017,4,11,2057,2202.426662174598
2017,4,14,2590,2710.4536500141708
2017,4,18,2088,2228.9970332274306
2017,4,25,1606,2196.831822054589
2017,4,26,1610,2196.831822054589
2017,4,30,3007,2734.7075553563154
2017,5,3,1705,2203.7020123638686
2017,5,4,1786,2203.7020123638686
2017,5,13,3044,2920.279189082439
2017,5,19,2354,2222.931601892493
2017,5,28,2181,2651.8864479894
2017,6,1,2082,2191.2134149396084
2017,6,6,1701,2191.2134149396084
2017,6,10,2919,2867.7088576056244
2017,6,13,1756,2216.5084358031704
2017,6,21,2227,2184.3432246303287
2017,6,22,2160,2184.3432246303287
2017,6,24,3538,2862.114017485615
2017,6,26,2046,2184.3432246303287
2017,7,8,2939,3082.9214088083863
2017,7,10,2378,2456.380517564034
2017,7,13,2774,2482.950888616867
2017,7,16,2732,2887.1776433686905
2017,7,17,2634,2482.950888616867
2017,7,19,3346,2476.885457281929
2017,7,23,2646,2855.0124321958488
2017,7,27,2871,2450.785677444025
2017,8,2,3295,2489.9266602686357
2017,8,3,3076,2489.9266602686357
2017,8,4,3291,2489.9266602686357
2017,8,5,3625,3090.4675910890055
2017,8,12,3289,3083.491819437237
2017,8,13,2869,2887.1776433686905
2017,8,14,3372,2482.950888616867
2017,8,16,3270,2482.950888616867
2017,8,21,2767,2450.785677444025
2017,8,26,2910,3051.3266082643954
2017,8,27,2346,2867.501029620109
2017,8,29,2409,2526.672541037677
2017,8,31,2403,2599.03060350253
2017,9,6,2656,2262.850316431915
2017,9,12,2104,2258.164910204196
2017,9,13,2031,2245.676312779936
2017,9,16,3262,2875.697390505745
2017,9,18,1625,2258.164910204196
2017,9,22,3262,2225.9996990313543
2017,9,23,3039,2843.532179332903
2017,9,24,2285,2621.218042840375
2017,9,27,2084,2225.9996990313543
2017,10,1,2213,2683.045855089456
2017,10,2,1518,2262.850316431915
2017,10,3,1618,2262.850316431915
2017,10,7,2841,2892.871394157724
2017,10,8,3985,2681.770504900185
2017,10,10,1741,2274.0635636669044
2017,10,13,2735,2258.164910204196
2017,10,15,1963,2665.871851437477
2017,10,17,1805,2258.164910204196
2017,10,20,2824,2225.9996990313543
2017,10,21,3233,2843.532179332903
2017,10,22,2194,2633.706640264635
2017,10,23,1545,2225.9996990313543
2017,10,24,1508,2225.9996990313543
2017,11,1,2453,2696.747335339638
2017,11,4,3210,2895.7378667567395
2017,11,20,1517,2225.9996990313543
2017,11,21,1700,2225.9996990313543
2017,11,22,1843,2225.9996990313543
2017,11,26,2991,2622.6471334539474
2017,11,27,1353,2220.5488351672852
2017,11,30,1963,2227.3814364415907
2017,12,6,4418,2809.6537702181
2017,12,8,4945,2702.0725685417287
2017,12,10,2990,2702.0725685417287
2017,12,11,1394,2254.7516229626485
2017,12,12,1557,2251.2041814156946
2017,12,13,2223,2251.2041814156946
2017,12,14,1819,2223.0430218173424
2017,12,19,1832,2223.0430218173424
2017,12,24,1608,2199.396684994398
2017,12,25,3355,2209.7316486982154
2017,12,31,1628,1792.7114999283383
2018,1,4,4270,2782.7480945947264
2018,1,6,2173,2580.891814158079
2018,1,16,1629,1968.8568989720568
2018,1,17,1758,1968.8568989720568
2018,1,29,1530,2033.410620263857
2018,2,1,1534,2207.8282872658333
2018,2,2,2270,2456.6476633731445
2018,2,4,1796,2689.2067582668487
2018,2,5,1312,2082.6585753153013
2018,2,6,1601,1990.3257236948805
2018,2,11,2480,2662.1649347438984
2018,2,12,1679,2124.2880727376682
2018,2,13,1769,2187.074023558965
2018,2,16,2501,2174.7140841320934
2018,2,17,3572,2930.982542698272
2018,2,21,1514,2115.9625016280306
2018,3,1,2414,2492.814119197507
2018,3,5,2235,2417.4059212682655
2018,3,7,2367,2354.6199704469686
2018,3,13,2524,2623.004751194192
2018,3,14,3900,2598.9314220877072
2018,3,16,9248,2670.0965911953576
2018,3,31,2947,3187.520007834818
2018,4,3,2236,2259.6627427098974
2018,4,5,2731,2231.543479262428
2018,4,9,2322,2179.842117678732
2018,4,14,3192,2999.4054784419864
2018,4,17,1849,2243.1370198758077
2018,4,21,2843,2967.2402672691446
2018,4,24,1505,2155.3012675862565
2018,4,27,2494,2210.971808702966
2018,4,28,3313,3002.446030110374
2018,4,30,3107,2198.814209175605
2018,5,11,2635,2216.566648822975
2018,5,12,3052,2999.4054784419864
2018,5,13,2925,2747.9217988239343
2018,5,15,1964,2243.1370198758077
2018,5,16,1822,2243.1370198758077
2018,5,19,3511,2962.4815405656796
2018,5,26,2708,2967.2402672691446
2018,5,27,1840,2684.8980811097235
2013,5,12,1543,1609.1110067759216
2013,5,15,1050,1387.7881727681824
2013,5,24,2198,1383.8668826964658
2013,5,25,1926,1839.9700753324737
2013,5,28,984,1384.4956481537113
2013,6,1,1895,1856.849166266518
2013,6,10,923,1420.1104543858153
2013,6,22,1777,1653.1036787095281
2013,6,25,1326,1312.124012543419
2013,6,28,1867,1376.3080978152072
2013,7,1,1663,1312.3581080680433
2013,7,5,1539,1312.3581080680433
2013,7,7,1262,1518.2065604028612
2013,7,9,1169,1331.7225888233486
2013,7,12,1323,1316.1718360730083
2013,7,17,1218,1316.1718360730083
2013,7,21,944,1501.327469468817
2013,7,27,1159,1824.6222271174252
2013,7,30,1147,1422.9287242623468
2013,8,2,1245,1341.382319930274
2013,8,3,980,1683.6591332907544
2013,8,14,1156,1316.1718360730083
2013,8,20,1095,1295.4790171339992
2013,8,21,1106,1295.4790171339992
2013,8,25,1191,1501.327469468817
